{
  "method": "fuzzy_local_thermal_identity_interface",
  "valid_time": "2021-11-08T12:00",
  "temperature": ".worktree-shared/data/era5_temperature_2021-11_08-12.nc",
  "climatology": ".worktree-shared/data/era5_temperature-climatology_1990-2020_11-08_12.nc",
  "levels_hpa": [
    1000.0,
    850.0,
    500.0,
    250.0
  ],
  "window_degrees": 16.0,
  "window_cells": 65,
  "low_percentile": 15.0,
  "high_percentile": 85.0,
  "min_local_range": 12.0,
  "full_local_range": 40.0,
  "transition_width": 0.32,
  "sharpness_floor": 0.1,
  "interpretation": "Conflict is local co-presence of cold-like and warm-like thermal identity plus a fuzzy transition between those local regimes. Gradient sharpness brightens the signal but is not required.",
  "level_summaries": {
    "1000hpa": {
      "anchors": {
        "cold_center": 30.782777786254883,
        "warm_center": 68.78343963623047,
        "midpoint": 49.783108711242676,
        "softness": 4.750082731246948
      },
      "local_range_mean": 14.251690864562988,
      "local_range_p90": 21.70445442199707,
      "conflict_p94": 0.019774317741394043,
      "conflict_p98": 0.04890614002943039,
      "corridor_grid_share": 0.002306373694872994,
      "high_confidence_grid_share": 0.0004743260090384915,
      "corridor_components": {
        "component_count": 31,
        "largest_component_cells": 1004,
        "midlatitude_share": 1.0
      },
      "high_confidence_components": {
        "component_count": 10,
        "largest_component_cells": 239,
        "midlatitude_share": 1.0
      }
    },
    "0850hpa": {
      "anchors": {
        "cold_center": 28.298263549804688,
        "warm_center": 68.39675903320312,
        "midpoint": 48.347511291503906,
        "softness": 5.012311935424805
      },
      "local_range_mean": 15.183469772338867,
      "local_range_p90": 25.058759689331055,
      "conflict_p94": 0.03998245671391487,
      "conflict_p98": 0.10263609141111374,
      "corridor_grid_share": 0.015092722455976313,
      "high_confidence_grid_share": 0.006270453482935951,
      "corridor_components": {
        "component_count": 89,
        "largest_component_cells": 2607,
        "midlatitude_share": 1.0
      },
      "high_confidence_components": {
        "component_count": 63,
        "largest_component_cells": 1623,
        "midlatitude_share": 1.0
      }
    },
    "0500hpa": {
      "anchors": {
        "cold_center": 22.472246170043945,
        "warm_center": 64.26673126220703,
        "midpoint": 43.36948871612549,
        "softness": 5.224310636520386
      },
      "local_range_mean": 14.434940338134766,
      "local_range_p90": 24.959993362426758,
      "conflict_p94": 0.054629143327474594,
      "conflict_p98": 0.12627075612545013,
      "corridor_grid_share": 0.021598877980364656,
      "high_confidence_grid_share": 0.010674770141810815,
      "corridor_components": {
        "component_count": 73,
        "largest_component_cells": 3528,
        "midlatitude_share": 0.939033189033189
      },
      "high_confidence_components": {
        "component_count": 66,
        "largest_component_cells": 2156,
        "midlatitude_share": 0.9032846715328468
      }
    },
    "0250hpa": {
      "anchors": {
        "cold_center": 20.400602340698242,
        "warm_center": 66.03133392333984,
        "midpoint": 43.21596813201904,
        "softness": 5.7038414478302
      },
      "local_range_mean": 18.37522315979004,
      "local_range_p90": 33.592247009277344,
      "conflict_p94": 0.15813352167606354,
      "conflict_p98": 0.3078480064868927,
      "corridor_grid_share": 0.06000077918030232,
      "high_confidence_grid_share": 0.02000058438522674,
      "corridor_components": {
        "component_count": 264,
        "largest_component_cells": 7199,
        "midlatitude_share": 0.903691318745536
      },
      "high_confidence_components": {
        "component_count": 202,
        "largest_component_cells": 2264,
        "midlatitude_share": 0.9052836620404188
      }
    }
  },
  "plots": {
    "contact_sheet": "experiments/fuzzy-local-thermal-interface/output-sharpness-floor010/fuzzy-local-interface-contact-sheet.png",
    "greenland_crop_contact_sheet": "experiments/fuzzy-local-thermal-interface/output-sharpness-floor010/fuzzy-local-interface-greenland-crop-contact-sheet.png",
    "global_maps": [
      "experiments/fuzzy-local-thermal-interface/output-sharpness-floor010/fuzzy-local-interface-1000hpa.png",
      "experiments/fuzzy-local-thermal-interface/output-sharpness-floor010/fuzzy-local-interface-0850hpa.png",
      "experiments/fuzzy-local-thermal-interface/output-sharpness-floor010/fuzzy-local-interface-0500hpa.png",
      "experiments/fuzzy-local-thermal-interface/output-sharpness-floor010/fuzzy-local-interface-0250hpa.png"
    ],
    "greenland_crop_maps": [
      "experiments/fuzzy-local-thermal-interface/output-sharpness-floor010/fuzzy-local-interface-greenland-crop-1000hpa.png",
      "experiments/fuzzy-local-thermal-interface/output-sharpness-floor010/fuzzy-local-interface-greenland-crop-0850hpa.png",
      "experiments/fuzzy-local-thermal-interface/output-sharpness-floor010/fuzzy-local-interface-greenland-crop-0500hpa.png",
      "experiments/fuzzy-local-thermal-interface/output-sharpness-floor010/fuzzy-local-interface-greenland-crop-0250hpa.png"
    ]
  }
}