pressure_level_hpa,1000,850,500,250
1000.0,0.9999999999999999,0.988692906691411,0.9695454447992503,0.9309837379835038
850.0,0.9886929066914111,1.0,0.9655623511695425,0.9135973293758568
500.0,0.9695454447992504,0.9655623511695424,1.0,0.9329317350166854
250.0,0.9309837379835039,0.9135973293758568,0.9329317350166854,0.9999999999999999
