{
  "method": "fuzzy_local_thermal_identity_interface",
  "valid_time": "2021-11-08T12:00",
  "temperature": ".worktree-shared/data/era5_temperature_2021-11_08-12.nc",
  "climatology": ".worktree-shared/data/era5_temperature-climatology_1990-2020_11-08_12.nc",
  "levels_hpa": [
    1000.0,
    850.0,
    500.0,
    250.0
  ],
  "window_degrees": 16.0,
  "window_cells": 65,
  "low_percentile": 25.0,
  "high_percentile": 75.0,
  "min_local_range": 12.0,
  "full_local_range": 40.0,
  "transition_width": 0.32,
  "sharpness_floor": 0.35,
  "interpretation": "Conflict is local co-presence of cold-like and warm-like thermal identity plus a fuzzy transition between those local regimes. Gradient sharpness brightens the signal but is not required.",
  "level_summaries": {
    "1000hpa": {
      "anchors": {
        "cold_center": 30.782777786254883,
        "warm_center": 68.78343963623047,
        "midpoint": 49.783108711242676,
        "softness": 4.750082731246948
      },
      "local_range_mean": 9.748414039611816,
      "local_range_p90": 15.469096183776855,
      "conflict_p94": 0.005433803889900446,
      "conflict_p98": 0.029527096077799797,
      "corridor_grid_share": 0.002344358734611189,
      "high_confidence_grid_share": 0.0006613292815957612,
      "corridor_components": {
        "component_count": 9,
        "largest_component_cells": 1191,
        "midlatitude_share": 1.0
      },
      "high_confidence_components": {
        "component_count": 2,
        "largest_component_cells": 450,
        "midlatitude_share": 1.0
      }
    },
    "0850hpa": {
      "anchors": {
        "cold_center": 28.298263549804688,
        "warm_center": 68.39675903320312,
        "midpoint": 48.347511291503906,
        "softness": 5.012311935424805
      },
      "local_range_mean": 10.355568885803223,
      "local_range_p90": 18.121639251708984,
      "conflict_p94": 0.01729835383594036,
      "conflict_p98": 0.07403840124607086,
      "corridor_grid_share": 0.0101118123733832,
      "high_confidence_grid_share": 0.004435483870967742,
      "corridor_components": {
        "component_count": 25,
        "largest_component_cells": 2195,
        "midlatitude_share": 1.0
      },
      "high_confidence_components": {
        "component_count": 22,
        "largest_component_cells": 1531,
        "midlatitude_share": 1.0
      }
    },
    "0500hpa": {
      "anchors": {
        "cold_center": 22.472246170043945,
        "warm_center": 64.26673126220703,
        "midpoint": 43.36948871612549,
        "softness": 5.224310636520386
      },
      "local_range_mean": 9.934553146362305,
      "local_range_p90": 18.431964874267578,
      "conflict_p94": 0.030406128615140915,
      "conflict_p98": 0.09742916375398636,
      "corridor_grid_share": 0.015104410160511143,
      "high_confidence_grid_share": 0.007761609786504597,
      "corridor_components": {
        "component_count": 27,
        "largest_component_cells": 2974,
        "midlatitude_share": 0.9469306164560227
      },
      "high_confidence_components": {
        "component_count": 18,
        "largest_component_cells": 1843,
        "midlatitude_share": 0.9210691429288493
      }
    },
    "0250hpa": {
      "anchors": {
        "cold_center": 20.400602340698242,
        "warm_center": 66.03133392333984,
        "midpoint": 43.21596813201904,
        "softness": 5.7038414478302
      },
      "local_range_mean": 12.439342498779297,
      "local_range_p90": 23.73838996887207,
      "conflict_p94": 0.07346627116203308,
      "conflict_p98": 0.2120697945356369,
      "corridor_grid_share": 0.039791764064204455,
      "high_confidence_grid_share": 0.02000058438522674,
      "corridor_components": {
        "component_count": 115,
        "largest_component_cells": 4805,
        "midlatitude_share": 0.9411577530290051
      },
      "high_confidence_components": {
        "component_count": 79,
        "largest_component_cells": 2381,
        "midlatitude_share": 0.9289505721938154
      }
    }
  },
  "plots": {
    "contact_sheet": "experiments/fuzzy-local-thermal-interface/output-percentile25-75/fuzzy-local-interface-contact-sheet.png",
    "greenland_crop_contact_sheet": "experiments/fuzzy-local-thermal-interface/output-percentile25-75/fuzzy-local-interface-greenland-crop-contact-sheet.png",
    "global_maps": [
      "experiments/fuzzy-local-thermal-interface/output-percentile25-75/fuzzy-local-interface-1000hpa.png",
      "experiments/fuzzy-local-thermal-interface/output-percentile25-75/fuzzy-local-interface-0850hpa.png",
      "experiments/fuzzy-local-thermal-interface/output-percentile25-75/fuzzy-local-interface-0500hpa.png",
      "experiments/fuzzy-local-thermal-interface/output-percentile25-75/fuzzy-local-interface-0250hpa.png"
    ],
    "greenland_crop_maps": [
      "experiments/fuzzy-local-thermal-interface/output-percentile25-75/fuzzy-local-interface-greenland-crop-1000hpa.png",
      "experiments/fuzzy-local-thermal-interface/output-percentile25-75/fuzzy-local-interface-greenland-crop-0850hpa.png",
      "experiments/fuzzy-local-thermal-interface/output-percentile25-75/fuzzy-local-interface-greenland-crop-0500hpa.png",
      "experiments/fuzzy-local-thermal-interface/output-percentile25-75/fuzzy-local-interface-greenland-crop-0250hpa.png"
    ]
  }
}