{
  "method": "fuzzy_local_thermal_identity_interface",
  "valid_time": "2021-11-08T12:00",
  "temperature": ".worktree-shared/data/era5_temperature_2021-11_08-12.nc",
  "climatology": ".worktree-shared/data/era5_temperature-climatology_1990-2020_11-08_12.nc",
  "levels_hpa": [
    1000.0,
    850.0,
    500.0,
    250.0
  ],
  "window_degrees": 10.0,
  "window_cells": 41,
  "low_percentile": 15.0,
  "high_percentile": 85.0,
  "min_local_range": 12.0,
  "full_local_range": 40.0,
  "transition_width": 0.32,
  "sharpness_floor": 0.35,
  "interpretation": "Conflict is local co-presence of cold-like and warm-like thermal identity plus a fuzzy transition between those local regimes. Gradient sharpness brightens the signal but is not required.",
  "level_summaries": {
    "1000hpa": {
      "anchors": {
        "cold_center": 30.782777786254883,
        "warm_center": 68.78343963623047,
        "midpoint": 49.783108711242676,
        "softness": 4.750082731246948
      },
      "local_range_mean": 10.93328857421875,
      "local_range_p90": 17.479387283325195,
      "conflict_p94": 0.0075494046323001385,
      "conflict_p98": 0.03542183339595795,
      "corridor_grid_share": 0.003498519557425588,
      "high_confidence_grid_share": 0.0009233286582515194,
      "corridor_components": {
        "component_count": 15,
        "largest_component_cells": 1070,
        "midlatitude_share": 1.0
      },
      "high_confidence_components": {
        "component_count": 6,
        "largest_component_cells": 517,
        "midlatitude_share": 1.0
      }
    },
    "0850hpa": {
      "anchors": {
        "cold_center": 28.298263549804688,
        "warm_center": 68.39675903320312,
        "midpoint": 48.347511291503906,
        "softness": 5.012311935424805
      },
      "local_range_mean": 11.58336067199707,
      "local_range_p90": 19.68254280090332,
      "conflict_p94": 0.022246798500418663,
      "conflict_p98": 0.08417336642742157,
      "corridor_grid_share": 0.011858150225962288,
      "high_confidence_grid_share": 0.005835086489013558,
      "corridor_components": {
        "component_count": 34,
        "largest_component_cells": 1997,
        "midlatitude_share": 1.0
      },
      "high_confidence_components": {
        "component_count": 19,
        "largest_component_cells": 1406,
        "midlatitude_share": 1.0
      }
    },
    "0500hpa": {
      "anchors": {
        "cold_center": 22.472246170043945,
        "warm_center": 64.26673126220703,
        "midpoint": 43.36948871612549,
        "softness": 5.224310636520386
      },
      "local_range_mean": 10.421963691711426,
      "local_range_p90": 19.000564575195312,
      "conflict_p94": 0.029283737763762474,
      "conflict_p98": 0.097061388194561,
      "corridor_grid_share": 0.015355695808009974,
      "high_confidence_grid_share": 0.008243727598566309,
      "corridor_components": {
        "component_count": 25,
        "largest_component_cells": 3002,
        "midlatitude_share": 0.9409488773309653
      },
      "high_confidence_components": {
        "component_count": 22,
        "largest_component_cells": 2048,
        "midlatitude_share": 0.9145793950850661
      }
    },
    "0250hpa": {
      "anchors": {
        "cold_center": 20.400602340698242,
        "warm_center": 66.03133392333984,
        "midpoint": 43.21596813201904,
        "softness": 5.7038414478302
      },
      "local_range_mean": 13.822754859924316,
      "local_range_p90": 26.959457397460938,
      "conflict_p94": 0.14565671980381012,
      "conflict_p98": 0.32210853695869446,
      "corridor_grid_share": 0.06000077918030232,
      "high_confidence_grid_share": 0.02000058438522674,
      "corridor_components": {
        "component_count": 176,
        "largest_component_cells": 6330,
        "midlatitude_share": 0.8941789494188689
      },
      "high_confidence_components": {
        "component_count": 101,
        "largest_component_cells": 3028,
        "midlatitude_share": 0.8987582176771366
      }
    }
  },
  "plots": {
    "contact_sheet": "experiments/fuzzy-local-thermal-interface/output-window10/fuzzy-local-interface-contact-sheet.png",
    "greenland_crop_contact_sheet": "experiments/fuzzy-local-thermal-interface/output-window10/fuzzy-local-interface-greenland-crop-contact-sheet.png",
    "global_maps": [
      "experiments/fuzzy-local-thermal-interface/output-window10/fuzzy-local-interface-1000hpa.png",
      "experiments/fuzzy-local-thermal-interface/output-window10/fuzzy-local-interface-0850hpa.png",
      "experiments/fuzzy-local-thermal-interface/output-window10/fuzzy-local-interface-0500hpa.png",
      "experiments/fuzzy-local-thermal-interface/output-window10/fuzzy-local-interface-0250hpa.png"
    ],
    "greenland_crop_maps": [
      "experiments/fuzzy-local-thermal-interface/output-window10/fuzzy-local-interface-greenland-crop-1000hpa.png",
      "experiments/fuzzy-local-thermal-interface/output-window10/fuzzy-local-interface-greenland-crop-0850hpa.png",
      "experiments/fuzzy-local-thermal-interface/output-window10/fuzzy-local-interface-greenland-crop-0500hpa.png",
      "experiments/fuzzy-local-thermal-interface/output-window10/fuzzy-local-interface-greenland-crop-0250hpa.png"
    ]
  }
}